<? xml version="1.0" ?>
<QuickSortInput>
<Numbers>
<Number>
74
</Number>
<Number>
10
</Number>
<Number>
43
</Number>
<Number>
00
</Number>
<Number>
25
</Number>
<Number>
250
</Number>
<Number>
744
</Number>
<Number>
101
</Number>
<Number>
432
</Number>
<Number>
002
</Number>
<Number>
251
</Number>
<Number>
125
</Number>
<Number>
724
</Number>
<Number>
109
</Number>
<Number>
431
</Number>
<Number>
030
</Number>
<Number>
215
</Number>
<Number>
255
</Number>
<Number>
174
</Number>
<Number>
150
</Number>
<Number>
436
</Number>
<Number>
007
</Number>
<Number>
625
</Number>
<Number>
295
</Number>
<Number>
748
</Number>
<Number>
210
</Number>
<Number>
443
</Number>
<Number>
008
</Number>
<Number>
225
</Number>
<Number>
925
</Number>
</Numbers>
</QuickSortInput>
